_id,name,state,type
5c08cb7a54851e2170a044f6,NAGPUR,MAHARASHTRA,TO
5c08cdd054851e2170a044f7,CHAKAN,MAHARASHTRA,FROM
5c18dc737cd5ed3873c75b7e,NANDED,MAHARASHTRA,TO
5c18dc7f7cd5ed3873c75b7f,AURANGABAD,MAHARASHTRA,TO
5c1b267cad44b54ba966af54,NASHIK,MAHARASHTRA,TO
5c1b2688ad44b54ba966af55,DHULE,MAHARASHTRA,TO
5c1b2694ad44b54ba966af56,JALGAON,MAHARASHTRA,TO
5c1b26a1ad44b54ba966af57,JALNA,MAHARASHTRA,TO
5c1b26b3ad44b54ba966af59,AHMEDNAGAR,MAHARASHTRA,TO
5c1b26bead44b54ba966af5a,AMRAVATI,MAHARASHTRA,TO
5c1b26c9ad44b54ba966af5b,YAVATMAL,MAHARASHTRA,TO
5c1b26ddad44b54ba966af5d,LATUR,MAHARASHTRA,TO
5c1b26e6ad44b54ba966af5e,BEED,MAHARASHTRA,TO
5c2a199cdfb0bf39a19a89e9,WARDHA,MAHARASHTRA,TO
5c2a1c33dfb0bf39a19a89ea,GONDIA,MAHARASHTRA,TO
5c2b2fa1225ee761231dc67d,SATARA,MAHARASHTRA,TO
5c2e1f08a0707402e0a26c57,AKOLA,MAHARASHTRA,TO
5c371fef2620a63d4bac757e,SAILU,MAHARASHTRA,TO
5c77bb1d222ac21701102d12,KUTCH,GUJARAT,TO
5c77bb27222ac21701102d13,MEDAK,TELANGANA,TO
5c77bb30222ac21701102d14,MEHSANA,GUJARAT,TO
5c77bb3f222ac21701102d15,MORBI,GUJARAT,TO
5c77bb46222ac21701102d16,NAVSARI,GUJARAT,TO
5c77bb51222ac21701102d17,PATAN,GUJARAT,TO
5c77bb5c222ac21701102d18,PANCHMAHAL,GUJARAT,TO
5c77bb66222ac21701102d19,PORBANDAR,GUJARAT,TO
5c77bb74222ac21701102d1a,RAJKOT,GUJARAT,TO
5c77bb7c222ac21701102d1b,SABARKANTHA,GUJARAT,TO
5c77bb85222ac21701102d1c,SIROHI,RAJASTHAN,TO
5c77bb8e222ac21701102d1d,SURAT,GUJARAT,TO
5c77bb97222ac21701102d1e,SURENDRANAGAR,GUJARAT,TO
5c77bcf4222ac21701102d21,VALSAD,GUJARAT,TO
5c77bdb9222ac21701102d22,AHMEDABAD,GUJARAT,FROM
5c77be11222ac21701102d23,DADRA AND NAGAR HAVELI,DNHDD,TO
5c88b2fde555227616cd5313,MUNDHRA,GUJARAT,FROM
5c8b5781f7eb11385f2c00ee,VAPI,GUJARAT,FROM
5c8cad1368406047897e5300,JABALPUR,MADHYA PRADESH,TO
5c9471836558dd0a251e09af,VADODARA,GUJARAT,FROM
5c98841323285a081f29c8c4,RAJKOT,GUJARAT,FROM
5c9f1761aa6c8a43dffaaa06,INDORE,MADHYA PRADESH,TO
5ca5a369fe246c56b7088d5b,AURANGABAD,MAHARASHTRA,FROM
5cadd4f5f8b8f146c932730d,DHAR,MADHYA PRADESH,TO
5ccd1d1514fab25d2701a8d4,SATNA,MADHYA PRADESH,TO
5cef783c76be9a60a7188edc,NIMRANI,MADHYA PRADESH,TO
5d231da35de8c351d7a332db,INDORE,MADHYA PRADESH,FROM
5d295f08083a9c78214c2fe5,PIPAVA,GUJARAT,FROM
5d32cfac30bde30739dad0c6,GWALIOR,MADHYA PRADESH,TO
5d32cfb830bde30739dad0c7,BURHANPUR,MADHYA PRADESH,TO
5d32da6d30bde30739dad0e8,BARWANI,MADHYA PRADESH,TO
5d50f89f4546871a15b7e461,SILVASSA,DNHDD,FROM
5d5aaecaef64ab7b7e8fce5e,ISLAMPUR,MAHARASHTRA,TO
5d5aaee7ef64ab7b7e8fce60,ICHALKARANJI,MAHARASHTRA,TO
5d5aaef2ef64ab7b7e8fce61,SOLAPUR,MAHARASHTRA,TO
5d5aaefbef64ab7b7e8fce62,KOLHAPUR,MAHARASHTRA,TO
5d60cdc1cdd5451df66876d1,HYDERABAD,TELANGANA,TO
5d63c1cdcdd5451df66a971e,CHENNAI,TAMIL NADU,FROM
5d6e1ac71433b366ce7b259b,BHOPAL,MADHYA PRADESH,TO
5d7a245e0898925512f0d00e,HYDERABAD,TELANGANA,FROM
5d7c7ab77641446aa5c32460,THANE,MAHARASHTRA,TO
5d8315f2c587ae0fb770552a,DHULE,MAHARASHTRA,FROM
5d8c72afb848097e83cd3ffa,MEDCHAL,TELANGANA,TO
5d8ef165e3dadb17e109a99d,DEWAS,MADHYA PRADESH,TO
5da44afca2abf85d9ec80533,MANGALORE,KARNATAKA,FROM
5da95bc1d65992167b820f45,NHAVASHEVA,MAHARASHTRA,FROM
5dc039fa80505e1653b3feae,RAIPUR,CHATTISGARH,TO
5dc10eb680505e1653c3b87b,SURYAPET,TELANGANA,TO
5dcff7978450ee5979f8bcf3,CHENNAI,TAMIL NADU,TO
5dd4eb5b45f9aa0cd90ebbf1,RANGA REDDY,TELANGANA,TO
5dd7d54e4e7a8e23607c35de,KURNOOL,ANDHRA PRADESH,TO
5de62de2fc002875b74d3bfc,SURAT,GUJARAT,FROM
5df07d7b987fc744023ca254,RATNAGIRI,MAHARASHTRA,FROM
5dfcc7b8740fb639c8b9c3dd,BHAVNAGAR,GUJARAT,FROM
5e00ad28237bea7f07ec36a8,MORENA,MADHYA PRADESH,TO
5e01b1784cd5b918983c2e9e,PATNA,BIHAR,TO
5e26a9e1a7343a0a1a7684c2,VALSAD,GUJARAT,FROM
5e2a91e9c08f0e5e73042826,JALGAON,MAHARASHTRA,FROM
5e31510e9143ce055e254c28,BHILWARA,RAJASTHAN,TO
5e31514b9143ce055e254c2a,PALI,RAJASTHAN,TO
5e356ae0f09a505ff6b5bc9c,CHHINDWARA,MADHYA PRADESH,TO
5e414e91fa30ab59e2d0cf83,KANCHEEPURAM,TAMIL NADU,TO
5e424c3afa30ab59e2d6078a,KATNI,MADHYA PRADESH,TO
5e4649e34ebe622ce2f8df3b,SANGLI,MAHARASHTRA,TO
5e467f7d4ebe622ce2fa0204,TIRUPUR,TAMIL NADU,TO
5e4e54fb2d718b5df2bb0e7f,JABALPUR,MADHYA PRADESH,FROM
5e4f68fa66995865e1d8b459,BHARATPUR,RAJASTHAN,TO
5e5396a8838e6440da2e4bb8,SIKAR,RAJASTHAN,TO
5e5a08c982e61e07f3bd6620,DURG,CHATTISGARH,TO
5e5e41c075d30453e0678b0e,CHITTORGARH,RAJASTHAN,TO
5e6225bf3f1b3923a78d9632,UJJAIN,MADHYA PRADESH,TO
5e6342d17d41183d43432dd4,RAIPUR,CHATTISGARH,FROM
5e688c96ae18152f39b8b103,ALWAR,RAJASTHAN,TO
5e6b3d86fb2ae66052878605,DAHEJ,GUJARAT,FROM
5e6b9286b810596ff41ed647,NOIDA,UTTAR PRADESH,FROM
5e6f688afe647b383e44b697,MAHBUBNAGAR,TELANGANA,TO
5e7205cb269b6d7072fc5616,UDAIPUR,RAJASTHAN,FROM
5e730b73f3526e26b327de6b,NORTH GOA,GOA,TO
5e7df42d3671875d3acb4ff3,HOOGHLY,WEST BENGAL,TO
5e7df4383671875d3acb4ff4,BIRBHUM,WEST BENGAL,TO
5e7df49a3671875d3acb4ff5,KOLKATA,WEST BENGAL,TO
5e7df4a73671875d3acb4ff6,KOLKATA,WEST BENGAL,FROM
5ea42dd5144ced61ff510720,VIJAYWADA,ANDHRA PRADESH,TO
5eabb32923112658dac623d4,JODHPUR,RAJASTHAN,FROM
5eb54c1d91f62b5e5ab8aec3,SOLAPUR,MAHARASHTRA,FROM
5ec8d4b1fa05e502a351e262,KANPUR,UTTAR PRADESH,FROM
5eccdb3b86deb46b94d4bb89,MAHAD,MAHARASHTRA,TO
5eccdb8086deb46b94d4bb95,MAHAD,MAHARASHTRA,FROM
5ece4f87c5bbd31708150fc6,DELHI,DELHI,TO
5ecf6c1bbbaf1f3144b0f4b0,KANPUR,UTTAR PRADESH,TO
5ed4b9e4c5442a3f535fd28f,GHAZIABAD,UTTAR PRADESH,TO
5ed63ab92e69477dcad7d20d,AJMER,RAJASTHAN,FROM
5ed754a7b1f39211900ee9d9,WASHIM,MAHARASHTRA,TO
5eda223946ea2d6848adf15f,LUCKNOW,UTTAR PRADESH,TO
5ee75fd9bb4f1646afdd6574,GAUTAM BUDDH NAGAR,UTTAR PRADESH,TO
5eeb0a81af06472cef4bde6e,FARIDABAD,HARYANA,TO
5eeb0abaaf06472cef4bde6f,JHAJJAR,HARYANA,TO
5eeb3771b4453433aeed66c0,VARANASI,UTTAR PRADESH,TO
5eeb3854b4453433aeeda293,SONIPAT,HARYANA,TO
5eeb3ea354f126345d040e93,VARANASI,UTTAR PRADESH,FROM
5eeb68ba6179153841178a1e,KUNDLI,HARYANA,FROM
5eec8de17aa8f153fc6adcf2,MUZAFFARNAGAR,UTTAR PRADESH,TO
5eec8e0d7aa8f153fc6afaec,SOLAN,HIMACHAL PRADESH,TO
5eedc7259275285f1b0e6dd0,FARIDKOT,PUNJAB,TO
5eedc76b9275285f1b0e6dd1,BARNALA,PUNJAB,TO
5ef31ae63fe1dc788d8ba083,GURUGRAM,HARYANA,TO
5ef31b003fe1dc788d8ba084,REWARI,HARYANA,TO
5ef31b133fe1dc788d8ba085,UNA,HIMACHAL PRADESH,TO
5ef31d553fe1dc788d8c5f0e,JAUNPUR,UTTAR PRADESH,TO
5ef3307c3fe1dc788d90ff0a,SANGRUR,PUNJAB,TO
5ef6db456be56a2c96d44d69,LUDHIANA,PUNJAB,FROM
5efdc8a833f3df2592054421,KHANDWA,MADHYA PRADESH,TO
5f003cee33f3df2592aab1a0,REWA,MADHYA PRADESH,TO
5f06a989972fa162b1d67921,MATHURA,UTTAR PRADESH,TO
5f06a9cc972fa162b1d67922,HATHRAS,UTTAR PRADESH,TO
5f06aae2972fa162b1d67923,SHIMLA,HIMACHAL PRADESH,TO
5f06c3cf972fa162b1dc5ca2,PANIPAT,HARYANA,TO
5f07fcf8c797984c606431ae,SIRMAUR,HIMACHAL PRADESH,TO
5f0c08418349317cee9e42fc,HALOL,GUJARAT,FROM
5f0eb71d94d98671c3f2e498,UDHAM SINGH NAGAR,UTTRAKHAND,TO
5f11687296347c07fca4a078,MORADABAD,UTTAR PRADESH,TO
5f154846652b9e09db512387,JUNAGADH,GUJARAT,FROM
5f1699f19de1163f399195c5,PAURI GARHWAL,UTTRAKHAND,TO
5f1980bb67cd620d803a7e76,ROHTAK,HARYANA,TO
5f1a750267cd620d805272f1,RAJGARH,MADHYA PRADESH,TO
5f1c148467cd620d809aaf22,GORAKHPUR,UTTAR PRADESH,TO
5f1e718a67cd620d80c1ba24,RAJNANDGAON,CHATTISGARH,TO
5f251c59e7878c6349d94256,RAIGAD,MAHARASHTRA,TO
5f256710b95ea166baccb77c,RATNAGIRI,MAHARASHTRA,TO
5f2cfd2eaa6c481a22d21448,REWA,MADHYA PRADESH,FROM
5fa5385568a0ac23b20ff082,BHAGALPUR,BIHAR,TO
5fa5389d68a0ac23b20ff087,BEGUSARAI,BIHAR,TO
5fa64f947887f043fd77a5f5,ALWAR,RAJASTHAN,FROM
5fbb50de85b83d228d13fd79,PONDICHERRY,TAMIL NADU,FROM
5fbbd7b26d4fb05f9b8fb301,ASANSOL,WEST BENGAL,FROM
5fd08c8e5c67d246be4c1c36,KARNAL,HARYANA,TO
5fd0b2498b768d4c8e72f4fa,CUTTACK,ODISHA,FROM
5fd0b25d8b768d4c8e72f4fb,BALASORE,ODISHA,FROM
5fd1c22056e0fb73e9e91dbb,CUTTACK,ODISHA,TO
5fd89e468539997d9d744ba1,KRISHNA,ANDHRA PRADESH,TO
5fdc82ec4ac402739b693ec2,PUDUCHERRY,TAMIL NADU,TO
5fdc86b94ac402739b6abeb4,SALEM,TAMIL NADU,TO
5fddd48f974341191cc3f552,MYSURU,KARNATAKA,TO
5fddea1139238120772906fc,BHOPAL,MADHYA PRADESH,FROM
5fe187a45ea5d60db890e2fb,BALASORE,ODISHA,TO
5fe19e24a7c12f128073e320,HARDA,MADHYA PRADESH,TO
5fe1e973f05a071c7cd7a76e,KHORDHA,ODISHA,TO
5fe31d8639ba08258d677487,AMBALA,HARYANA,TO
5fe31d9639ba08258d677488,BHIWANI,HARYANA,TO
5fe31da939ba08258d677489,CHARKHI DADRI,HARYANA,TO
5fe31dc139ba08258d67748a,FATEHABAD,HARYANA,TO
5fe31dd739ba08258d67748b,JIND,HARYANA,TO
5fe31e0039ba08258d679b83,KURUKSHETRA,HARYANA,TO
5fe31e0939ba08258d679b84,NUH,HARYANA,TO
5fe31e3939ba08258d679b85,MAHENDRAGARH,HARYANA,TO
5fe31e5b39ba08258d679b88,PALWAL,HARYANA,TO
5fe31e6639ba08258d679b89,PANCHKULA,HARYANA,TO
5fe31e7d39ba08258d679b8a,SIRSA,HARYANA,TO
5c08cb6f54851e2170a044f4,BHIWANDI,MAHARASHTRA,FROM
5c431be8a193d23d49b1c02c,MURTIZAPUR,MAHARASHTRA,TO
5c49aad6921788774705abf2,MUMBAI,MAHARASHTRA,TO
5c52b2596b88505056361048,NASHIK,MAHARASHTRA,FROM
5c77a895222ac21701102cff,DAMAN,DNHDD,FROM
5c77a8a7222ac21701102d00,DAMAN,DNHDD,TO
5c77ba3e222ac21701102d01,AHMEDABAD,GUJARAT,TO
5c77ba60222ac21701102d03,ANAND,GUJARAT,TO
5c77ba6d222ac21701102d04,BANASKANTHA,GUJARAT,TO
5c77ba79222ac21701102d05,VADODARA,GUJARAT,TO
5c77ba92222ac21701102d06,BHARUCH,GUJARAT,TO
5c77ba9d222ac21701102d07,BHAVNAGAR,GUJARAT,TO
5c77baa8222ac21701102d08,DADRA,DNHDD,TO
5c77bab3222ac21701102d09,DAHOD,GUJARAT,TO
5c77baca222ac21701102d0b,GANDHINAGAR,GUJARAT,TO
5c77bad6222ac21701102d0c,GIR SOMANTH,GUJARAT,TO
5c77baed222ac21701102d0e,JAMNAGAR,GUJARAT,TO
5c77baf9222ac21701102d0f,JODHPUR,RAJASTHAN,TO
5c77bb04222ac21701102d10,JUNAGADH,GUJARAT,TO
5c77bb11222ac21701102d11,KHEDA,GUJARAT,TO
5d5aaebeef64ab7b7e8fce5d,PUNE,MAHARASHTRA,TO
5d5aaed8ef64ab7b7e8fce5f,PANDHARPUR,MAHARASHTRA,TO
5d5aaf10ef64ab7b7e8fce63,SHRIRAMPUR,MAHARASHTRA,TO
5d63941dcdd5451df66a21ea,RAISEN,MADHYA PRADESH,TO
5d6638b216cc984b10c419d3,JAIPUR,RAJASTHAN,TO
5d70dc57b9b8bc1a946a63a9,HAZIRA,GUJARAT,FROM
5d7c7aa97641446aa5c3245f,PALGHAR,MAHARASHTRA,TO
5d8229cec587ae0fb7704470,AHMEDNAGAR,MAHARASHTRA,FROM
5e19634e6b0fb9203c300229,TUTICORIN,TAMIL NADU,FROM
5e270394e027490d98fd07f0,SELF,MAHARASHTRA,FROM
5e3150419143ce055e254c1d,AJMER,RAJASTHAN,TO
5e31511d9143ce055e254c29,UDAIPUR,RAJASTHAN,TO
5e32cd4be3fd21325d6daba6,RATLAM,MADHYA PRADESH,TO
5e413eb9ff27534f6277b8da,ANANTAPUR,ANDHRA PRADESH,FROM
5e424c43fa30ab59e2d6078b,SAGAR,MADHYA PRADESH,TO
5e4d2d07304851493bd536b3,BIKANER,RAJASTHAN,TO
5e4e5dc52d718b5df2bb3621,KOTA,RAJASTHAN,TO
5e4fc0f3082247089e84d6bb,JAIPUR,RAJASTHAN,FROM
5e563ab0a6244a018bbcdae5,BILASPUR,CHATTISGARH,TO
5e5a08e782e61e07f3bd662b,SURGUJA,CHATTISGARH,TO
5e61dc696f10c5175bf8bdfa,DELHI,DELHI,FROM
5e6342c27d41183d43432dcf,NAGPUR,MAHARASHTRA,FROM
5e730bbdf3526e26b327de78,KOLHAPUR,MAHARASHTRA,FROM
5e7868ef7545fd3a9b6ad078,BARMER,RAJASTHAN,TO
5e7c72b35769e738815afe30,PURULIA,WEST BENGAL,TO
5e7df2b43671875d3acb4fe3,HOWRAH,WEST BENGAL,TO
5e7df2c53671875d3acb4fe4,NORTH 24 PARAGANAS,WEST BENGAL,TO
5e7df2dc3671875d3acb4fe5,SOUTH 24 PARAGANAS,WEST BENGAL,TO
5e7df2e73671875d3acb4fe6,DARJEELING,WEST BENGAL,TO
5e7df2f23671875d3acb4fe7,JALPAIGURI,WEST BENGAL,TO
5e7df2fd3671875d3acb4fe8,MALDA,WEST BENGAL,TO
5e7df3083671875d3acb4fe9,MURSHIDABAD,WEST BENGAL,TO
5e7df3393671875d3acb4fea,PURBA MEDINIPUR,WEST BENGAL,TO
5e7df3723671875d3acb4feb,PASCHIM BARDHAMAN,WEST BENGAL,TO
5e7df37d3671875d3acb4fec,JHARGRAM,WEST BENGAL,TO
5e7df3ac3671875d3acb4fed,BANKURA,WEST BENGAL,TO
5e7df3b53671875d3acb4fee,NADIA,WEST BENGAL,TO
5e7df3bf3671875d3acb4fef,KALIMPONG,WEST BENGAL,TO
5e7df3cf3671875d3acb4ff0,COOCH BEHAR,WEST BENGAL,TO
5e7df3dd3671875d3acb4ff1,ALIPURDUAR,WEST BENGAL,TO
5e7df4203671875d3acb4ff2,UTTAR DINAJPUR,WEST BENGAL,TO
5eedc7829275285f1b0e6dd2,BATHINDA,PUNJAB,TO
5eedc7949275285f1b0e6dd3,FAZILKA,PUNJAB,TO
5eedc86f9275285f1b0e6dd4,AMRITSAR,PUNJAB,TO
5eedc8939275285f1b0e6dd5,FATEHGARH SAHIB,PUNJAB,TO
5eedc8b19275285f1b0e6dd6,JALANDHAR,PUNJAB,TO
5eedc8c69275285f1b0e6dd7,GURDASPUR,PUNJAB,TO
5eedc8dc9275285f1b0e6dd8,HOSHIARPUR,PUNJAB,TO
5eedc8f69275285f1b0e6dd9,FIROZPUR,PUNJAB,TO
5eedc936abaa627266d53e9c,PATIALA,PUNJAB,TO
5eedc936abaa627266d53e9d,LUDHIANA,PUNJAB,TO
5eedc936abaa627266d53e9e,MOHALI,PUNJAB,TO
5eedc968abaa627266d55ca5,PATHANKOT,PUNJAB,TO
5eedc987abaa627266d55ca6,MOGA,PUNJAB,TO
5eeddaeb2ca942747cf298e0,HOSHANGABAD,MADHYA PRADESH,TO
5eeddb0f2ca942747cf298e1,MEERUT,UTTAR PRADESH,TO
5eee13df2ca942747cfe4d8a,GHAZIABAD,UTTAR PRADESH,FROM
5ef0b0e06190542e305a9b98,AGRA,UTTAR PRADESH,TO
5ef0b10d6190542e305a9b99,PRAYAGRAJ,UTTAR PRADESH,TO
5ef0b13f6190542e305a9b9a,RAE BARELI,UTTAR PRADESH,TO
5ef0b1756190542e305a9b9b,JHANSI,UTTAR PRADESH,TO
5ef1971696d9b14f81674f1c,DEHRADUN,UTTRAKHAND,TO
5ef1972d96d9b14f81674f1d,HARIDWAR,UTTRAKHAND,TO
5ef1974396d9b14f81674f1f,CHAMOLI,UTTRAKHAND,TO
5ef1975a96d9b14f81674f20,UTTARKASHI,UTTRAKHAND,TO
5ef1b1fb96d9b14f81719f14,SANGAREDDY,TELANGANA,TO
5ef1b3a996d9b14f81719f15,UNNAO,UTTAR PRADESH,TO
5ef1c53196d9b14f8175064f,HAPUR,UTTAR PRADESH,TO
5ef1c5dd96d9b14f81750650,BARABANKI,UTTAR PRADESH,TO
5ef1c64696d9b14f81750651,SHAHJAHANPUR,UTTAR PRADESH,TO
5ef1c77196d9b14f8175065d,SAHARANPUR,UTTAR PRADESH,TO
5ef1c78596d9b14f8175065e,BULANDSHAHR,UTTAR PRADESH,TO
5ef2f9a7d779505b76538db2,BADDI,HIMACHAL PRADESH,FROM
5f2cfd3baa6c481a22d21449,FARIDABAD,HARYANA,FROM
5f36836564d1b97745e13fa9,CHURU,RAJASTHAN,TO
5f3689dc64d1b97745e308a3,RATLAM,MADHYA PRADESH,FROM
5f3fafd105ecf814328e2363,HISAR,HARYANA,TO
5f44e9dfba06e0109f397bb0,HARIDWAR,UTTRAKHAND,FROM
5f46269dba06e0109f68681c,GWALIOR,MADHYA PRADESH,FROM
5f4c939e1f7fbc1125b7ce3b,ARIYALUR,TAMIL NADU,TO
5f5796aac086777ed2818dcd,KASHIPUR,UTTRAKHAND,FROM
5f6364183e97e343a1cf6b83,GUNTUR,ANDHRA PRADESH,TO
5f6b0c463421b362fe750a00,DAHEJ2,GUJARAT,FROM
5f6b0ea83421b362fe750a0c,GORAKHPUR,UTTAR PRADESH,FROM
5f6de1bd59871920625304c4,KANPUR DEHAT,UTTAR PRADESH,TO
5f7867f1f5848442a76ce3c8,JHALAWAR,RAJASTHAN,TO
5f7c636f443f5a1d6d612b62,KOTA,RAJASTHAN,FROM
5f8adde56631c810399fddb1,ASANSOL,WEST BENGAL,FROM
5f97d450c572a91df2558e34,KATNI,MADHYA PRADESH,FROM
5f9acaaef5f67e04df3208c7,BHANDARA,MAHARASHTRA,TO
5f9fcd5ff5f67e04dfb5ac90,UNA,HIMACHAL PRADESH,FROM
5fa2932bf5f67e04dfd65a5e,NAGDA,MADHYA PRADESH,TO
5fe31e8a39ba08258d679b8b,YAMUNANAGAR,HARYANA,TO
5fe485a59e74b5708db00278,ERODE,TAMIL NADU,TO
5fe6eff02cce3e4122f16f2f,SOUTH GOA,GOA,TO
5ff2c30f35f1d9418e94bb6e,BHUBANESHWAR,ODISHA,FROM
5ff3fdf0b886cb664546b138,BAREILLY,UTTAR PRADESH,TO
5ff573afa39b6879c03101b6,NALGONDA,TELANGANA,TO
5ff5a144e978ab40d34ba4be,GANJAM,ODISHA,TO
5ff7e82ab4a08104107d7151,PATNA,BIHAR,FROM
5ff95fa2b648c169515ca3ee,KAMRUP METROPOLITAN,ASSAM,TO
5ff95fefb648c169515ca3ef,MUZAFFARPUR,BIHAR,TO
60000a288a753078e6cd890d,AGRA,UTTAR PRADESH,FROM
6006be4e03a8c057351fa7b8,RANCHI,JHARKHAND,TO
600910e15ee8890614fbb540,ALLAHABAD,UTTAR PRADESH,FROM
600bed944ea836054a7c7671,NEEMUCH,MADHYA PRADESH,TO
600e601238403d50b220b0f0,CHANDIGARH,CHANDIGARH,TO
600e605f38403d50b220b0f1,RAJSAMAND,RAJASTHAN,TO
6013abff0243376d0396f751,EAST SIKKIM,SIKKIM,TO
6013ac100243376d0396f752,WEST SIKKIM,SIKKIM,TO
6013ac180243376d0396f754,NORTH SIKKIM,SIKKIM,TO
6013ac1d0243376d0396f755,SOUTH SIKKIM,SIKKIM,TO
6015222cb95e6f608c377ddb,CHANDAULI,UTTAR PRADESH,TO
60202ddefadad968ef2b4cb8,BOKARO,JHARKHAND,TO
60202e00fadad968ef2b4cb9,DUMKA,JHARKHAND,TO
60202e1cfadad968ef2b4cba,DEOGHAR,JHARKHAND,TO
60202e35fadad968ef2b4cbb,DHANBAD,JHARKHAND,TO
60202e84fadad968ef2bfdc2,EAST SINGHBHUM,JHARKHAND,TO
60202e90fadad968ef2bfdc3,WEST SINGHBHUM,JHARKHAND,TO
60202ebefadad968ef2bfdc4,GODDA,JHARKHAND,TO
60202ed2fadad968ef2bfdc5,GUMLA,JHARKHAND,TO
60202f20fadad968ef2bfdc6,GIRIDIH,JHARKHAND,TO
60202f3efadad968ef2bfdc7,LATEHAR,JHARKHAND,TO
60202f53fadad968ef2bfdc8,GARHWA,JHARKHAND,TO
60202f76fadad968ef2bfdc9,LOHARDAGA,JHARKHAND,TO
60202f8ffadad968ef2bfdca,JAMTARA,JHARKHAND,TO
60202fa3fadad968ef2bfdcb,PAKUR,JHARKHAND,TO
60202faffadad968ef2bfdcc,KHUNTI,JHARKHAND,TO
60202fc4fadad968ef2bfdcd,CHATRA,JHARKHAND,TO
60203003fadad968ef2bfdce,KODERMA,JHARKHAND,TO
6020301cfadad968ef2bfdcf,PALAMU,JHARKHAND,TO
6020303ffadad968ef2bfdd0,SIMDEGA,JHARKHAND,TO
6020304efadad968ef2bfdd1,SAHEBGANJ,JHARKHAND,TO
60203063fadad968ef2bfdd2,RAMGARH,JHARKHAND,TO
60203186fadad968ef2bfdd3,SARAIKELA KHARSAWAN,JHARKHAND,TO
6020321cfadad968ef2bfdd4,HAZARIBAGH,JHARKHAND,TO
6027cbd200ce1f260eeed5f6,BARGARH,ODISHA,FROM
602a34bea47093222a98e74c,KHANDWA,MADHYA PRADESH,FROM
602a6eee18ded92adcbb8bb1,JHALDA,JHARKHAND,FROM
602f4e4cd3583959de30dfe4,HIMMATNAGAR,GUJARAT,FROM
6030a0b98bb9b16e00c4c121,COIMBATORE,TAMIL NADU,TO
6030a0da8bb9b16e00c4c129,VISAKHAPATNAM,ANDHRA PRADESH,TO
6030a0fa8bb9b16e00c4c12b,MADURAI,TAMIL NADU,TO
6030a1338bb9b16e00c4c12c,KRISHNAGIRI,TAMIL NADU,TO
60310ea18bb9b16e00f9ee8c,NEEMUCH,MADHYA PRADESH,FROM
603380fdff1be968123f7995,COIMBATORE,TAMIL NADU,FROM
6038d4aa38e9fd32b3e89f39,MADURAI,TAMIL NADU,FROM
6038d4b638e9fd32b3e89f3b,SALEM,TAMIL NADU,FROM
6038d4cd38e9fd32b3e95600,MYSURU,KARNATAKA,FROM
603de0ea49f37225173c259b,BALANGIR,ODISHA,TO
603f2ed9eb9b6443130c5ef5,BENGALURU,KARNATAKA,FROM
6047161086e72e6f0f5de00b,NELLORE,ANDHRA PRADESH,TO
6047167d86e72e6f0f5de011,THIRUVANANTHAPURAM,KERALA,TO
6047169386e72e6f0f5de012,KOLLAM,KERALA,TO
604716af86e72e6f0f5de01e,ALAPPUZHA,KERALA,TO
604716d486e72e6f0f5de01f,PATHANAMTHITTA,KERALA,TO
604716e386e72e6f0f5de024,KOTTAYAM,KERALA,TO
6047170686e72e6f0f5de027,IDUKKI,KERALA,TO
6047175486e72e6f0f5de028,ERNAKULAM,KERALA,TO
6047176786e72e6f0f5de029,THRISSUR,KERALA,TO
6047177486e72e6f0f5de02a,PALAKKAD,KERALA,TO
6047179c86e72e6f0f5de02b,MALAPPURAM,KERALA,TO
604717b686e72e6f0f5de02c,KOZHIKODE,KERALA,TO
604717cc86e72e6f0f5de037,WAYANAD,KERALA,TO
6047188d86e72e6f0f5de042,KANNUR,KERALA,TO
60518cef157ab56a2680fb00,DARJEELING,WEST BENGAL,FROM
60518d02157ab56a2680fb03,RANCHI,JHARKHAND,FROM
60518d10157ab56a2680fb04,GUWAHATI,ASSAM,FROM
6051a0f1157ab56a26873303,TIRUCHIRAPPALLI,TAMIL NADU,TO
6051acbd92520f20bf6dad69,TUMKUR,KARNATAKA,TO
60558a6686642a6e07492788,COCHIN,KERALA,FROM
605983bffa3f944626ad7235,BHIND,MADHYA PRADESH,TO
605b377cf3b7057d889dcaf4,ARAVALLI,GUJARAT,TO
605eec8cf7cb9305710d60e4,SBS NAGAR,PUNJAB,TO
6062c214a316c940b782424d,VIRUDHUNAGAR,TAMIL NADU,TO
606449d0a28e60712ade5a95,KARNAL,HARYANA,FROM
606598047fa00e0be370a4ad,THRISSUR,KERALA,FROM
606700bbd2d6bd3283b0fe0b,KOZHIKODE,KERALA,FROM
606c0f64aab10136c973ce11,DHARWAD,KARNATAKA,TO
607672f187b69c3de0cd676a,HOSUR,TAMIL NADU,FROM
607a813eb3fcd60eadbc9d60,SHAJAPUR,MADHYA PRADESH,TO
607ea6834970346613ff5027,BENGALURU RURAL,KARNATAKA,TO
608024c44bf1fa09ac0bca39,NAMAKKAL,TAMIL NADU,TO
6080253e4bf1fa09ac0bca3e,PUDUKOTTAI,TAMIL NADU,TO
60804f204bf1fa09ac15a941,PERAMBALUR,TAMIL NADU,TO
60804fa14bf1fa09ac15a942,THANJAVUR,TAMIL NADU,TO
6082af361021f13d94642630,BAREILLY,UTTAR PRADESH,FROM
6084001515a4785de5f36184,KISHANGANJ,BIHAR,TO
6086aa87a0746714030926f0,TIRUNELVELI,TAMIL NADU,TO
6086bcca73eabf1afd3941ba,BARGARH,ODISHA,TO
6087e57e73eabf1afd7e4590,KATHUA,JAMMU & KASHMIR,TO
6087e5a673eabf1afd7e4591,SAMBA,JAMMU & KASHMIR,TO
6087e5bd73eabf1afd7e9a85,JAMMU,JAMMU & KASHMIR,TO
6087e5ea73eabf1afd7e9a8a,UDHAMPUR,JAMMU & KASHMIR,TO
6087e60c73eabf1afd7e9ac8,REASI,JAMMU & KASHMIR,TO
6087e62273eabf1afd7eefb9,RAJOURI,JAMMU & KASHMIR,TO
6087e64073eabf1afd7eefbc,POONCH,JAMMU & KASHMIR,TO
6087e65973eabf1afd7eefbf,DODA,JAMMU & KASHMIR,TO
6087e67773eabf1afd7eefc0,RAMBAN,JAMMU & KASHMIR,TO
6088225473eabf1afd97c0f8,KISHTWAR,JAMMU & KASHMIR,TO
6088227273eabf1afd97c0f9,ANANTNAG,JAMMU & KASHMIR,TO
6088229a73eabf1afd97c15b,KULGAM,JAMMU & KASHMIR,TO
608822bf73eabf1afd97c15f,PULWAMA,JAMMU & KASHMIR,TO
608822d873eabf1afd97c165,SHOPIAN,JAMMU & KASHMIR,TO
608822ff73eabf1afd97c166,BUDGAM,JAMMU & KASHMIR,TO
6088232373eabf1afd97c167,SRINAGAR,JAMMU & KASHMIR,TO
6088234573eabf1afd97c168,GANDERBAL,JAMMU & KASHMIR,TO
6088236373eabf1afd97c169,BANDIPORA,JAMMU & KASHMIR,TO
6088238173eabf1afd97c16a,BARAMULLA,JAMMU & KASHMIR,TO
6088239973eabf1afd97c16b,KUPWARA,JAMMU & KASHMIR,TO
60891a05ff941648615a3456,MANSA,PUNJAB,TO
60895c64ec7df651be9eefc3,JHANSI,UTTAR PRADESH,FROM
608a8b234f8fe16b591407c0,JAMSHEDPUR,JHARKHAND,FROM
608a8f884f8fe16b59165339,KANYAKUMARI,TAMIL NADU,TO
608a8fcc4f8fe16b5916533a,NILGIRIS,TAMIL NADU,TO
608a8ffd4f8fe16b5916a8c1,DINDIGUL,TAMIL NADU,TO
608d0eab0ad0b422d0544d7d,DEHRADUN,UTTRAKHAND,FROM
609144308f63e716ab30ef86,RUDRAPRAYAG,UTTRAKHAND,TO
6093979e91ad784530a82a2d,KASARAGOD,KERALA,TO
6094d988aad70376e3bbc7a2,SIVAKASI,TAMIL NADU,FROM
60950bf2845ae915eb405a25,CHANDIGARH,CHANDIGARH,FROM
609652baf4bf35362aeee8cd,ANANTAPUR,ANDHRA PRADESH,TO
609652bbf4bf35362aeee8ce,CHITTOOR,ANDHRA PRADESH,TO
609652bcf4bf35362aeee8cf,EAST GODAVARI,ANDHRA PRADESH,TO
609652bcf4bf35362aeee8d0,PRAKASAM,ANDHRA PRADESH,TO
609652bdf4bf35362aeee8d1,SRIKAKULAM,ANDHRA PRADESH,TO
609652bef4bf35362aeee8d2,VIZIANAGARAM,ANDHRA PRADESH,TO
609652bff4bf35362aeee8d3,WEST GODAVARI,ANDHRA PRADESH,TO
609652bff4bf35362aeee8d4,Y.S.R.,ANDHRA PRADESH,TO
609652c0f4bf35362aeee8d5,ANJAW,ARUNACHAL PRADESH,TO
609652c1f4bf35362aeee8d6,CHANGLANG,ARUNACHAL PRADESH,TO
609652c1f4bf35362aeee8d7,DIBANG VALLEY,ARUNACHAL PRADESH,TO
609652c2f4bf35362aeee8d8,EAST KAMENG,ARUNACHAL PRADESH,TO
609652c3f4bf35362aeee8d9,EAST SIANG,ARUNACHAL PRADESH,TO
609652c4f4bf35362aeee8da,KRA DAADI,ARUNACHAL PRADESH,TO
609652c5f4bf35362aeee8db,KURUNG KUMEY,ARUNACHAL PRADESH,TO
609652c6f4bf35362aeee8dc,LOHIT,ARUNACHAL PRADESH,TO
609652c7f4bf35362aeee8dd,LONGDING,ARUNACHAL PRADESH,TO
609652c7f4bf35362aeee8de,LOWER DIBANG VALLEY,ARUNACHAL PRADESH,TO
609652c8f4bf35362aeee8df,LOWER SUBANSIRI,ARUNACHAL PRADESH,TO
609652c9f4bf35362aeee8e0,NAMSAI,ARUNACHAL PRADESH,TO
609652c9f4bf35362aeee8e1,PAPUM PARE,ARUNACHAL PRADESH,TO
609652caf4bf35362aeee8e2,SIANG,ARUNACHAL PRADESH,TO
609652cbf4bf35362aeee8e3,TAWANG,ARUNACHAL PRADESH,TO
609652ccf4bf35362aeee8e4,TIRAP,ARUNACHAL PRADESH,TO
609652ccf4bf35362aeee8e5,UPPER SIANG,ARUNACHAL PRADESH,TO
609652cdf4bf35362aeee8e6,UPPER SUBANSIRI,ARUNACHAL PRADESH,TO
609652cef4bf35362aeee8e7,WEST KAMENG,ARUNACHAL PRADESH,TO
609652cff4bf35362aeee8e8,WEST SIANG,ARUNACHAL PRADESH,TO
609652d0f4bf35362aeee8e9,BAKSA,ASSAM,TO
609652d1f4bf35362aeee8ea,BARPETA,ASSAM,TO
609652d2f4bf35362aeee8eb,BONGAIGAON,ASSAM,TO
609652d2f4bf35362aeee8ec,CACHAR,ASSAM,TO
609652d3f4bf35362aeee8ed,CHIRANG,ASSAM,TO
609652d4f4bf35362aeee8ee,DARRANG,ASSAM,TO
609652d4f4bf35362aeee8ef,DHEMAJI,ASSAM,TO
609652d5f4bf35362aeee8f0,DHUBRI,ASSAM,TO
609652d6f4bf35362aeee8f1,DIBRUGARH,ASSAM,TO
609652d7f4bf35362aeee8f2,DIMA HASAO,ASSAM,TO
609652d7f4bf35362aeee8f3,GOALPARA,ASSAM,TO
609652d8f4bf35362aeee8f4,GOLAGHAT,ASSAM,TO
609652d9f4bf35362aeee8f5,HAILAKANDI,ASSAM,TO
609652d9f4bf35362aeee8f6,JORHAT,ASSAM,TO
609652daf4bf35362aeee8f7,KAMRUP,ASSAM,TO
609652dbf4bf35362aeee8f8,KARBI ANGLONG,ASSAM,TO
609652dcf4bf35362aeee8f9,KARIMGANJ,ASSAM,TO
609652ddf4bf35362aeee8fa,KOKRAJHAR,ASSAM,TO
609652ddf4bf35362aeee8fb,LAKHIMPUR,ASSAM,TO
609652def4bf35362aeee8fc,MARIGAON,ASSAM,TO
609652dff4bf35362aeee8fd,NAGAON,ASSAM,TO
609652e0f4bf35362aeee8fe,NALBARI,ASSAM,TO
609652e0f4bf35362aeee8ff,SIVASAGAR,ASSAM,TO
609652e1f4bf35362aeee900,SONITPUR,ASSAM,TO
609652e2f4bf35362aeee901,TINSUKIA,ASSAM,TO
609652e2f4bf35362aeee902,UDALGURI,ASSAM,TO
609652e3f4bf35362aeee903,ARARIA,BIHAR,TO
609652e4f4bf35362aeee904,ARWAL,BIHAR,TO
609652e5f4bf35362aeee905,BANKA,BIHAR,TO
609652e6f4bf35362aeee906,BHOJPUR,BIHAR,TO
609652e7f4bf35362aeee907,BUXAR,BIHAR,TO
609652e7f4bf35362aeee908,DARBHANGA,BIHAR,TO
609652e8f4bf35362aeee909,GAYA,BIHAR,TO
609652e9f4bf35362aeee90a,GOPALGANJ,BIHAR,TO
609652eaf4bf35362aeee90b,JAMUI,BIHAR,TO
609652ebf4bf35362aeee90c,JEHANABAD,BIHAR,TO
609652ebf4bf35362aeee90d,KAIMUR (BHABUA),BIHAR,TO
609652ecf4bf35362aeee90e,KATIHAR,BIHAR,TO
609652edf4bf35362aeee90f,KHAGARIA,BIHAR,TO
609652eef4bf35362aeee910,LAKHISARAI,BIHAR,TO
609652eef4bf35362aeee911,MADHEPURA,BIHAR,TO
609652f0f4bf35362aeee912,MADHUBANI,BIHAR,TO
609652f0f4bf35362aeee913,MUNGER,BIHAR,TO
609652f2f4bf35362aeee914,NALANDA,BIHAR,TO
609652f3f4bf35362aeee915,NAWADA,BIHAR,TO
609652f4f4bf35362aeee916,PASHCHIM CHAMPARAN,BIHAR,TO
609652f5f4bf35362aeee917,PURBI CHAMPARAN,BIHAR,TO
609652f6f4bf35362aeee918,PURNIA,BIHAR,TO
609652f7f4bf35362aeee919,ROHTAS,BIHAR,TO
609652f8f4bf35362aeee91a,SAHARSA,BIHAR,TO
609652f9f4bf35362aeee91b,SAMASTIPUR,BIHAR,TO
609652faf4bf35362aeee91c,SARAN,BIHAR,TO
609652faf4bf35362aeee91d,SHEIKHPURA,BIHAR,TO
609652fbf4bf35362aeee91e,SHEOHAR,BIHAR,TO
609652fcf4bf35362aeee91f,SITAMARHI,BIHAR,TO
609652fdf4bf35362aeee920,SIWAN,BIHAR,TO
609652fef4bf35362aeee921,SUPAUL,BIHAR,TO
609652fff4bf35362aeee922,VAISHALI,BIHAR,TO
609652fff4bf35362aeee923,BALOD,CHATTISGARH,TO
60965300f4bf35362aeee924,BALODA BAZAR,CHATTISGARH,TO
60965301f4bf35362aeee925,BALRAMPUR,CHATTISGARH,TO
60965302f4bf35362aeee926,BASTAR,CHATTISGARH,TO
60965303f4bf35362aeee927,BEMETARA,CHATTISGARH,TO
60965303f4bf35362aeee928,BIJAPUR,CHATTISGARH,TO
60965304f4bf35362aeee929,DANTEWADA,CHATTISGARH,TO
60965305f4bf35362aeee92a,DHAMTARI,CHATTISGARH,TO
60965306f4bf35362aeee92b,GARIYABAND,CHATTISGARH,TO
60965307f4bf35362aeee92c,JANJGIR-CHAMPA,CHATTISGARH,TO
60965308f4bf35362aeee92d,JASHPUR,CHATTISGARH,TO
60965309f4bf35362aeee92e,KABIRDHAM,CHATTISGARH,TO
6096530af4bf35362aeee92f,KANKER,CHATTISGARH,TO
6096530bf4bf35362aeee930,KONDAGAON,CHATTISGARH,TO
6096530bf4bf35362aeee931,KORBA,CHATTISGARH,TO
6096530cf4bf35362aeee932,KOREA,CHATTISGARH,TO
6096530df4bf35362aeee933,MAHASAMUND,CHATTISGARH,TO
6096530ef4bf35362aeee934,MUNGELI,CHATTISGARH,TO
6096530ff4bf35362aeee935,NARAYANPUR,CHATTISGARH,TO
6096530ff4bf35362aeee936,RAIGARH,CHATTISGARH,TO
60965310f4bf35362aeee937,SUKMA,CHATTISGARH,TO
60965311f4bf35362aeee938,SURAJPUR,CHATTISGARH,TO
60965312f4bf35362aeee939,DIU,DNHDD,TO
60965313f4bf35362aeee93a,AMRELI,GUJARAT,TO
60965313f4bf35362aeee93b,BOTAD,GUJARAT,TO
60965314f4bf35362aeee93c,CHHOTAUDEPUR,GUJARAT,TO
60965315f4bf35362aeee93d,DANG,GUJARAT,TO
60965316f4bf35362aeee93e,DEVBHUMI DWARKA,GUJARAT,TO
60965317f4bf35362aeee93f,MAHISAGAR,GUJARAT,TO
60965318f4bf35362aeee940,NARMADA,GUJARAT,TO
60965318f4bf35362aeee941,TAPI,GUJARAT,TO
60965319f4bf35362aeee942,KAITHAL,HARYANA,TO
6096531af4bf35362aeee943,CHAMBA,HIMACHAL PRADESH,TO
6096531bf4bf35362aeee944,HAMIRPUR,HIMACHAL PRADESH,TO
6096531cf4bf35362aeee945,KANGRA,HIMACHAL PRADESH,TO
6096531df4bf35362aeee946,KINNAUR,HIMACHAL PRADESH,TO
6096531ef4bf35362aeee947,KULLU,HIMACHAL PRADESH,TO
6096531ff4bf35362aeee948,LAHUL AND SPITI,HIMACHAL PRADESH,TO
6096531ff4bf35362aeee949,MANDI,HIMACHAL PRADESH,TO
60965320f4bf35362aeee94a,KARGIL,JAMMU & KASHMIR,TO
60965322f4bf35362aeee94b,LEH LADAKH,JAMMU & KASHMIR,TO
60965322f4bf35362aeee94c,BAGALKOT,KARNATAKA,TO
60965323f4bf35362aeee94d,BALLARI,KARNATAKA,TO
60965324f4bf35362aeee94e,BELAGAVI,KARNATAKA,TO
60965325f4bf35362aeee94f,BENGALURU URBAN,KARNATAKA,TO
60965326f4bf35362aeee950,BIDAR,KARNATAKA,TO
60965326f4bf35362aeee951,CHAMARAJANAGAR,KARNATAKA,TO
60965327f4bf35362aeee952,CHIKBALLAPUR,KARNATAKA,TO
60965328f4bf35362aeee953,CHIKKAMAGALURU,KARNATAKA,TO
60965329f4bf35362aeee954,CHITRADURGA,KARNATAKA,TO
6096532af4bf35362aeee955,DAKSHIN KANNAD,KARNATAKA,TO
6096532bf4bf35362aeee956,DAVANGERE,KARNATAKA,TO
6096532cf4bf35362aeee957,GADAG,KARNATAKA,TO
6096532df4bf35362aeee958,HASSAN,KARNATAKA,TO
6096532ef4bf35362aeee959,HAVERI,KARNATAKA,TO
6096532ef4bf35362aeee95a,KALABURAGI,KARNATAKA,TO
6096532ff4bf35362aeee95b,KODAGU,KARNATAKA,TO
60965330f4bf35362aeee95c,KOLAR,KARNATAKA,TO
60965331f4bf35362aeee95d,KOPPAL,KARNATAKA,TO
60965332f4bf35362aeee95e,MANDYA,KARNATAKA,TO
60965333f4bf35362aeee95f,RAICHUR,KARNATAKA,TO
60965334f4bf35362aeee960,RAMANAGARA,KARNATAKA,TO
60965335f4bf35362aeee961,SHIVAMOGGA,KARNATAKA,TO
60965336f4bf35362aeee962,UDUPI,KARNATAKA,TO
60965337f4bf35362aeee963,UTTAR KANNAD,KARNATAKA,TO
60965338f4bf35362aeee964,VIJAYAPURA,KARNATAKA,TO
60965339f4bf35362aeee965,YADGIR,KARNATAKA,TO
60965339f4bf35362aeee966,AGAR MALWA,MADHYA PRADESH,TO
6096533af4bf35362aeee967,ALIRAJPUR,MADHYA PRADESH,TO
6096533bf4bf35362aeee968,ANUPPUR,MADHYA PRADESH,TO
6096533cf4bf35362aeee969,ASHOKNAGAR,MADHYA PRADESH,TO
6096533df4bf35362aeee96a,BALAGHAT,MADHYA PRADESH,TO
6096533ef4bf35362aeee96b,BETUL,MADHYA PRADESH,TO
6096533ef4bf35362aeee96c,CHHATARPUR,MADHYA PRADESH,TO
6096533ff4bf35362aeee96d,DAMOH,MADHYA PRADESH,TO
60965340f4bf35362aeee96e,DATIA,MADHYA PRADESH,TO
60965341f4bf35362aeee96f,DINDORI,MADHYA PRADESH,TO
60965342f4bf35362aeee970,GUNA,MADHYA PRADESH,TO
60965343f4bf35362aeee971,JHABUA,MADHYA PRADESH,TO
60965344f4bf35362aeee972,KHARGONE,MADHYA PRADESH,TO
60965344f4bf35362aeee973,MANDLA,MADHYA PRADESH,TO
60965345f4bf35362aeee974,MANDSAUR,MADHYA PRADESH,TO
60965346f4bf35362aeee975,NARSINGHPUR,MADHYA PRADESH,TO
60965347f4bf35362aeee976,PANNA,MADHYA PRADESH,TO
60965348f4bf35362aeee977,SEHORE,MADHYA PRADESH,TO
60965348f4bf35362aeee978,SEONI,MADHYA PRADESH,TO
60965349f4bf35362aeee979,SHAHDOL,MADHYA PRADESH,TO
6096534af4bf35362aeee97a,SHEOPUR,MADHYA PRADESH,TO
6096534bf4bf35362aeee97b,SHIVPURI,MADHYA PRADESH,TO
6096534cf4bf35362aeee97c,SIDHI,MADHYA PRADESH,TO
6096534df4bf35362aeee97d,SINGRAULI,MADHYA PRADESH,TO
6096534ef4bf35362aeee97e,TIKAMGARH,MADHYA PRADESH,TO
6096534ff4bf35362aeee97f,UMARIA,MADHYA PRADESH,TO
60965350f4bf35362aeee980,VIDISHA,MADHYA PRADESH,TO
60965350f4bf35362aeee981,BULDHANA,MAHARASHTRA,TO
60965351f4bf35362aeee982,CHANDRAPUR,MAHARASHTRA,TO
60965352f4bf35362aeee983,GADCHIROLI,MAHARASHTRA,TO
60965353f4bf35362aeee984,HINGOLI,MAHARASHTRA,TO
60965354f4bf35362aeee985,MUMBAI SUBURBAN,MAHARASHTRA,TO
60965355f4bf35362aeee986,NANDURBAR,MAHARASHTRA,TO
60965356f4bf35362aeee987,OSMANABAD,MAHARASHTRA,TO
60965357f4bf35362aeee988,PARBHANI,MAHARASHTRA,TO
60965358f4bf35362aeee989,SINDHUDURG,MAHARASHTRA,TO
60965359f4bf35362aeee98a,BISHNUPUR,MANIPUR,TO
60965359f4bf35362aeee98b,CHANDEL,MANIPUR,TO
6096535af4bf35362aeee98c,CHURACHANDPUR,MANIPUR,TO
6096535bf4bf35362aeee98d,IMPHAL EAST,MANIPUR,TO
6096535cf4bf35362aeee98e,IMPHAL WEST,MANIPUR,TO
6096535df4bf35362aeee98f,SENAPATI,MANIPUR,TO
6096535ef4bf35362aeee990,TAMENGLONG,MANIPUR,TO
6096535ff4bf35362aeee991,THOUBAL,MANIPUR,TO
60965360f4bf35362aeee992,UKHRUL,MANIPUR,TO
60965361f4bf35362aeee993,EAST GARO HILLS,MEGHALAYA,TO
60965361f4bf35362aeee994,EAST JAINTIA HILLS,MEGHALAYA,TO
60965362f4bf35362aeee995,EAST KHASI HILLS,MEGHALAYA,TO
60965363f4bf35362aeee996,NORTH GARO HILLS,MEGHALAYA,TO
60965364f4bf35362aeee997,RI BHOI,MEGHALAYA,TO
60965365f4bf35362aeee998,SOUTH GARO HILLS,MEGHALAYA,TO
60965366f4bf35362aeee999,SOUTH WEST GARO HILLS,MEGHALAYA,TO
60965367f4bf35362aeee99a,SOUTH WEST KHASI HILLS,MEGHALAYA,TO
60965368f4bf35362aeee99b,WEST GARO HILLS,MEGHALAYA,TO
60965369f4bf35362aeee99c,WEST JAINTIA HILLS,MEGHALAYA,TO
6096536af4bf35362aeee99d,WEST KHASI HILLS,MEGHALAYA,TO
6096536bf4bf35362aeee99e,AIZAWL,MIZORAM,TO
6096536cf4bf35362aeee99f,CHAMPHAI,MIZORAM,TO
6096536df4bf35362aeee9a0,KOLASIB,MIZORAM,TO
6096536df4bf35362aeee9a1,LAWNGTLAI,MIZORAM,TO
6096536ef4bf35362aeee9a2,LUNGLEI,MIZORAM,TO
6096536ff4bf35362aeee9a3,MAMIT,MIZORAM,TO
60965370f4bf35362aeee9a4,SAIHA,MIZORAM,TO
60965371f4bf35362aeee9a5,SERCHHIP,MIZORAM,TO
60965372f4bf35362aeee9a6,DIMAPUR,NAGALAND,TO
60965373f4bf35362aeee9a7,KIPHIRE,NAGALAND,TO
60965374f4bf35362aeee9a8,KOHIMA,NAGALAND,TO
60965375f4bf35362aeee9a9,LONGLENG,NAGALAND,TO
60965375f4bf35362aeee9aa,MOKOKCHUNG,NAGALAND,TO
60965377f4bf35362aeee9ab,MON,NAGALAND,TO
60965377f4bf35362aeee9ac,PEREN,NAGALAND,TO
60965378f4bf35362aeee9ad,PHEK,NAGALAND,TO
60965379f4bf35362aeee9ae,TUENSANG,NAGALAND,TO
6096537af4bf35362aeee9af,WOKHA,NAGALAND,TO
6096537bf4bf35362aeee9b0,ZUNHEBOTO,NAGALAND,TO
6096537cf4bf35362aeee9b1,ANUGUL,ODISHA,TO
6096537df4bf35362aeee9b2,BHADRAK,ODISHA,TO
6096537ef4bf35362aeee9b3,BOUDH,ODISHA,TO
60965380f4bf35362aeee9b5,DHENKANAL,ODISHA,TO
60965380f4bf35362aeee9b6,GAJAPATI,ODISHA,TO
60965381f4bf35362aeee9b7,JAGATSINGHAPUR,ODISHA,TO
60965382f4bf35362aeee9b8,JAJAPUR,ODISHA,TO
60965383f4bf35362aeee9b9,JHARSUGUDA,ODISHA,TO
60965384f4bf35362aeee9ba,KALAHANDI,ODISHA,TO
60965385f4bf35362aeee9bb,KANDHAMAL,ODISHA,TO
60965386f4bf35362aeee9bc,KENDRAPARA,ODISHA,TO
60965387f4bf35362aeee9bd,KENDUJHAR,ODISHA,TO
60965388f4bf35362aeee9be,KORAPUT,ODISHA,TO
60965389f4bf35362aeee9bf,MALKANGIRI,ODISHA,TO
6096538af4bf35362aeee9c0,MAYURBHANJ,ODISHA,TO
6096538bf4bf35362aeee9c1,NABARANGPUR,ODISHA,TO
6096538cf4bf35362aeee9c2,NAYAGARH,ODISHA,TO
6096538df4bf35362aeee9c3,NUAPADA,ODISHA,TO
6096538ef4bf35362aeee9c4,PURI,ODISHA,TO
6096538ff4bf35362aeee9c5,RAYAGADA,ODISHA,TO
6096538ff4bf35362aeee9c6,SAMBALPUR,ODISHA,TO
60965390f4bf35362aeee9c7,SONEPUR,ODISHA,TO
60965391f4bf35362aeee9c8,SUNDARGARH,ODISHA,TO
60965392f4bf35362aeee9c9,KARAIKAL,PUDUCHERRY,TO
60965393f4bf35362aeee9ca,MAHE,PUDUCHERRY,TO
60965394f4bf35362aeee9cb,YANAM,PUDUCHERRY,TO
60965395f4bf35362aeee9cc,KAPURTHALA,PUNJAB,TO
60965396f4bf35362aeee9cd,RUPNAGAR,PUNJAB,TO
60965397f4bf35362aeee9ce,SRI MUKTSAR SAHIB,PUNJAB,TO
60965398f4bf35362aeee9cf,TARN TARAN,PUNJAB,TO
60965399f4bf35362aeee9d0,BANSWARA,RAJASTHAN,TO
6096539af4bf35362aeee9d1,BARAN,RAJASTHAN,TO
6096539bf4bf35362aeee9d2,BUNDI,RAJASTHAN,TO
6096539cf4bf35362aeee9d3,DAUSA,RAJASTHAN,TO
6096539df4bf35362aeee9d4,DHOLPUR,RAJASTHAN,TO
6096539ef4bf35362aeee9d5,DUNGARPUR,RAJASTHAN,TO
6096539ff4bf35362aeee9d6,GANGANAGAR,RAJASTHAN,TO
609653a0f4bf35362aeee9d7,HANUMANGARH,RAJASTHAN,TO
609653a1f4bf35362aeee9d8,JAISALMER,RAJASTHAN,TO
609653a2f4bf35362aeee9d9,JALORE,RAJASTHAN,TO
609653a3f4bf35362aeee9da,JHUNJHUNU,RAJASTHAN,TO
609653a4f4bf35362aeee9db,KARAULI,RAJASTHAN,TO
609653a5f4bf35362aeee9dc,NAGAUR,RAJASTHAN,TO
609653a6f4bf35362aeee9dd,PRATAPGARH,RAJASTHAN,TO
609653a7f4bf35362aeee9de,SAWAI MADHOPUR,RAJASTHAN,TO
609653a8f4bf35362aeee9df,TONK,RAJASTHAN,TO
609653a9f4bf35362aeee9e0,CUDDALORE,TAMIL NADU,TO
609653aaf4bf35362aeee9e1,DHARMAPURI,TAMIL NADU,TO
609653abf4bf35362aeee9e2,KARUR,TAMIL NADU,TO
609653acf4bf35362aeee9e3,NAGAPATTINAM,TAMIL NADU,TO
609653adf4bf35362aeee9e4,RAMANATHAPURAM,TAMIL NADU,TO
609653aef4bf35362aeee9e5,SIVAGANGA,TAMIL NADU,TO
609653aff4bf35362aeee9e6,THENI,TAMIL NADU,TO
609653b0f4bf35362aeee9e7,THIRUVALLUR,TAMIL NADU,TO
609653b1f4bf35362aeee9e9,TIRUVANNAMALAI,TAMIL NADU,TO
609653b2f4bf35362aeee9ea,TUTICORIN,TAMIL NADU,TO
609653b3f4bf35362aeee9eb,VELLORE,TAMIL NADU,TO
609653b4f4bf35362aeee9ec,VILLUPURAM,TAMIL NADU,TO
609653b5f4bf35362aeee9ed,ADILABAD,TELANGANA,TO
609653b6f4bf35362aeee9ee,BHADRADRI,TELANGANA,TO
609653b7f4bf35362aeee9ef,JAGITIAL,TELANGANA,TO
609653b9f4bf35362aeee9f0,JANGOAN,TELANGANA,TO
609653baf4bf35362aeee9f1,JAYASHANKAR,TELANGANA,TO
609653bbf4bf35362aeee9f2,JOGULAMBA,TELANGANA,TO
609653bcf4bf35362aeee9f3,KAMAREDDY,TELANGANA,TO
609653bdf4bf35362aeee9f4,KARIMNAGAR,TELANGANA,TO
609653bef4bf35362aeee9f5,KHAMMAM,TELANGANA,TO
609653bff4bf35362aeee9f6,KOMARAM BHEEM ASIFABAD,TELANGANA,TO
609653c0f4bf35362aeee9f7,MAHABUBABAD,TELANGANA,TO
609653c1f4bf35362aeee9f8,MANCHERIAL,TELANGANA,TO
609653c2f4bf35362aeee9f9,NAGARKURNOOL,TELANGANA,TO
609653c3f4bf35362aeee9fa,NIRMAL,TELANGANA,TO
609653c4f4bf35362aeee9fb,NIZAMABAD,TELANGANA,TO
609653c5f4bf35362aeee9fc,PEDDAPALLI,TELANGANA,TO
609653c6f4bf35362aeee9fd,RAJANNA,TELANGANA,TO
609653c7f4bf35362aeee9fe,SIDDIPET,TELANGANA,TO
609653c8f4bf35362aeee9ff,VIKARABAD,TELANGANA,TO
609653c9f4bf35362aeeea00,WANAPARTHY,TELANGANA,TO
609653caf4bf35362aeeea01,WARANGAL,TELANGANA,TO
609653cbf4bf35362aeeea02,WARANGAL URBAN,TELANGANA,TO
609653ccf4bf35362aeeea03,YADADRI,TELANGANA,TO
609653cdf4bf35362aeeea04,DHALAI,TRIPURA,TO
609653cef4bf35362aeeea05,GOMATI,TRIPURA,TO
609653cff4bf35362aeeea06,KHOWAI,TRIPURA,TO
609653d0f4bf35362aeeea07,NORTH TRIPURA,TRIPURA,TO
609653d1f4bf35362aeeea08,SEPAHIJALA,TRIPURA,TO
609653d2f4bf35362aeeea09,SOUTH TRIPURA,TRIPURA,TO
609653d3f4bf35362aeeea0a,UNAKOTI,TRIPURA,TO
609653d4f4bf35362aeeea0b,WEST TRIPURA,TRIPURA,TO
609653d5f4bf35362aeeea0c,ALMORA,UTTRAKHAND,TO
609653d6f4bf35362aeeea0d,BAGESHWAR,UTTRAKHAND,TO
609653d7f4bf35362aeeea0e,CHAMPAWAT,UTTRAKHAND,TO
609653d8f4bf35362aeeea0f,NAINITAL,UTTRAKHAND,TO
609653d9f4bf35362aeeea10,PITHORAGARH,UTTRAKHAND,TO
609653daf4bf35362aeeea11,TEHRI GARHWAL,UTTRAKHAND,TO
609653dbf4bf35362aeeea12,ALIGARH,UTTAR PRADESH,TO
609653dcf4bf35362aeeea13,AMBEDKAR NAGAR,UTTAR PRADESH,TO
609653def4bf35362aeeea14,AMETHI,UTTAR PRADESH,TO
609653dff4bf35362aeeea15,AMROHA,UTTAR PRADESH,TO
609653e0f4bf35362aeeea16,AURAIYA,UTTAR PRADESH,TO
609653e1f4bf35362aeeea17,AZAMGARH,UTTAR PRADESH,TO
609653e2f4bf35362aeeea18,BAGHPAT,UTTAR PRADESH,TO
609653e3f4bf35362aeeea19,BAHRAICH,UTTAR PRADESH,TO
609653e4f4bf35362aeeea1a,BALLIA,UTTAR PRADESH,TO
609653e5f4bf35362aeeea1b,BALRAMPUR(UP),UTTAR PRADESH,TO
609653e6f4bf35362aeeea1c,BANDA,UTTAR PRADESH,TO
609653e7f4bf35362aeeea1d,BASTI,UTTAR PRADESH,TO
609653e8f4bf35362aeeea1e,BHADOHI,UTTAR PRADESH,TO
609654ef9836f138857beb1b,BIJNOR,UTTAR PRADESH,TO
609654f09836f138857beb1c,BUDAUN,UTTAR PRADESH,TO
609654f19836f138857beb1d,CHITRAKOOT,UTTAR PRADESH,TO
609654f39836f138857beb1e,DEORIA,UTTAR PRADESH,TO
609654f49836f138857beb1f,ETAH,UTTAR PRADESH,TO
609654f59836f138857beb20,ETAWAH,UTTAR PRADESH,TO
609654f69836f138857beb21,FAIZABAD,UTTAR PRADESH,TO
609654f79836f138857beb22,FARRUKHABAD,UTTAR PRADESH,TO
609654f89836f138857beb23,FATEHPUR,UTTAR PRADESH,TO
609654f99836f138857beb24,FIROZABAD,UTTAR PRADESH,TO
609654fa9836f138857beb25,GHAZIPUR,UTTAR PRADESH,TO
609654fb9836f138857beb26,GONDA,UTTAR PRADESH,TO
609654fc9836f138857beb27,HAMIRPUR(UP),UTTAR PRADESH,TO
609654fd9836f138857beb28,HARDOI,UTTAR PRADESH,TO
609654fe9836f138857beb29,JALAUN,UTTAR PRADESH,TO
609654ff9836f138857beb2a,KANNAUJ,UTTAR PRADESH,TO
609655009836f138857beb2b,KASGANJ,UTTAR PRADESH,TO
609655019836f138857beb2c,KAUSHAMBI,UTTAR PRADESH,TO
609655039836f138857beb2d,KHERI,UTTAR PRADESH,TO
609655059836f138857beb2e,KUSHI NAGAR,UTTAR PRADESH,TO
609655069836f138857beb2f,LALITPUR,UTTAR PRADESH,TO
609655079836f138857beb30,MAHARAJGANJ,UTTAR PRADESH,TO
609655089836f138857beb31,MAHOBA,UTTAR PRADESH,TO
609655099836f138857beb32,MAINPURI,UTTAR PRADESH,TO
6096550a9836f138857beb33,MAU,UTTAR PRADESH,TO
6096550b9836f138857beb34,MIRZAPUR,UTTAR PRADESH,TO
6096550c9836f138857beb35,PILIBHIT,UTTAR PRADESH,TO
6096550d9836f138857beb36,PRATAPGARH(UP),UTTAR PRADESH,TO
6096550e9836f138857beb37,RAMPUR,UTTAR PRADESH,TO
6096550f9836f138857beb38,SAMBHAL,UTTAR PRADESH,TO
609655109836f138857beb39,SANT KABEER NAGAR,UTTAR PRADESH,TO
609655119836f138857beb3a,SHAMLI,UTTAR PRADESH,TO
609655129836f138857beb3b,SHRAVASTI,UTTAR PRADESH,TO
609655149836f138857beb3c,SIDDHARTH NAGAR,UTTAR PRADESH,TO
609655159836f138857beb3d,SITAPUR,UTTAR PRADESH,TO
609655169836f138857beb3e,SONBHADRA,UTTAR PRADESH,TO
609655179836f138857beb3f,SULTANPUR,UTTAR PRADESH,TO
609655189836f138857beb40,PURBA BARDHAMAN,WEST BENGAL,TO
609655199836f138857beb41,DAKSHIN DINAJPUR,WEST BENGAL,TO
6096551a9836f138857beb42,PASCHIM MEDINIPUR,WEST BENGAL,TO
609901021f85b704225e42f9,HOWRAH,WEST BENGAL,FROM
609cba2dabf0c85fe0bbf05c,CHITTOOR,ANDHRA PRADESH,FROM
609f8785c605e03efdce75f5,DEOGARH,ODISHA,TO
60a27769ff698a4c02457f66,BILASPUR (HP),HIMACHAL PRADESH,TO
60a77ce2b52c8a400cf78738,TIRUPUR,TAMIL NADU,FROM
60dadb514b5c505a58d73837,RUDRAPUR,UTTRAKHAND,FROM
60e84e56fe31d6226ca8e8bd,CHENGALPET,TAMIL NADU,TO